row_id,demand
0,7
1,2
2,1
3,0
4,1
5,0
6,0
7,2
8,2
9,0
10,1
11,1
12,2
13,0
14,0
15,0
16,0
17,3
18,3
19,0
20,2
21,1
22,2
23,1
24,1
25,0
26,1
27,1
28,1
29,1
30,2
31,1
32,0
33,0
34,1
35,2
36,1
37,0
38,1
39,3
40,2
41,1
42,0
43,1
44,1
45,0
46,1
47,1
48,1
49,1
50,0
51,1
52,1
53,0
54,1
55,0
56,2
57,2
58,5
59,1
60,1
61,1
62,1
63,0
64,1
65,3
66,3
67,1
68,1
69,2
70,0
71,1
72,0
73,0
74,0
75,7
76,3
77,0
78,2
79,2
80,1
81,3
82,1
83,0
84,0
85,1
86,1
87,4
88,0
89,1
90,1
91,1
92,0
93,0
94,0
95,0
96,1
97,2
98,0
99,1
100,1
101,1
102,1
103,0
104,1
105,0
106,1
107,0
108,0
109,1
110,3
111,0
112,0
113,1
114,1
115,0
116,7
117,1
118,2
119,2
120,1
121,1
122,1
123,3
124,2
125,2
126,1
127,2
128,0
129,0
130,1
131,1
132,0
133,13
134,4
135,0
136,4
137,5
138,2
139,1
140,2
141,1
142,0
143,1
144,1
145,2
146,1
147,1
148,1
149,1
150,1
151,1
152,1
153,0
154,2
155,3
156,2
157,1
158,1
159,1
160,2
161,0
162,1
163,1
164,0
165,0
166,1
167,1
168,2
169,0
170,2
171,1
172,3
173,1
174,8
175,3
176,2
177,1
178,1
179,1
180,2
181,2
182,4
183,2
184,1
185,2
186,0
187,2
188,1
189,1
190,0
191,10
192,2
193,0
194,5
195,9
196,2
197,1
198,2
199,0
200,1
201,1
202,1
203,2
204,1
205,1
206,1
207,1
208,0
209,2
210,1
211,0
212,3
213,2
214,2
215,1
216,1
217,1
218,1
219,0
220,2
221,1
222,1
223,0
224,0
225,1
226,3
227,0
228,0
229,1
230,2
231,1
232,4
233,2
234,5
235,1
236,1
237,0
238,1
239,11
240,3
241,3
242,1
243,3
244,0
245,4
246,1
247,2
248,1
249,21
250,3
251,0
252,4
253,4
254,2
255,3
256,4
257,1
258,0
259,2
260,0
261,4
262,2
263,0
264,2
265,0
266,3
267,3
268,0
269,1
270,6
271,2
272,4
273,3
274,2
275,2
276,2
277,1
278,1
279,1
280,1
281,0
282,1
283,1
284,4
285,0
286,1
287,2
288,3
289,0
290,7
291,2
292,1
293,1
294,2
295,1
296,1
297,3
298,2
299,2
300,3
301,3
302,0
303,1
304,2
305,1
306,0
307,15
308,6
309,0
310,5
311,2
312,1
313,2
314,3
315,1
316,1
317,1
318,1
319,2
320,1
321,0
322,1
323,0
324,1
325,1
326,0
327,1
328,2
329,1
330,1
331,2
332,0
333,0
334,1
335,0
336,1
337,1
338,0
339,1
340,1
341,0
342,5
343,4
344,0
345,0
346,3
347,0
348,10
349,2
350,1
351,1
352,0
353,0
354,1
355,3
356,2
357,2
358,2
359,1
360,2
361,0
362,1
363,1
364,1
365,10
366,5
367,0
368,2
369,1
370,3
371,2
372,0
373,0
374,2
375,1
376,1
377,1
378,2
379,1
380,1
381,1
382,1
383,3
384,1
385,2
386,2
387,2
388,3
389,1
390,0
391,1
392,2
393,0
394,0
395,0
396,1
397,1
398,1
399,2
400,2
401,1
402,2
403,1
404,2
405,2
406,2
407,1
408,2
409,0
410,0
411,0
412,0
413,1
414,1
415,1
416,1
417,1
418,1
419,0
420,0
421,0
422,0
423,4
424,2
425,0
426,1
427,2
428,1
429,2
430,0
431,0
432,1
433,0
434,0
435,2
436,1
437,1
438,0
439,0
440,0
441,1
442,0
443,0
444,2
445,2
446,3
447,1
448,0
449,0
450,1
451,0
452,1
453,0
454,0
455,1
456,0
457,1
458,3
459,0
460,1
461,0
462,1
463,1
464,3
465,3
466,2
467,0
468,2
469,2
470,1
471,5
472,2
473,2
474,1
475,1
476,3
477,0
478,1
479,0
480,2
481,18
482,3
483,0
484,4
485,2
486,4
487,1
488,1
489,1
490,1
491,0
492,1
493,2
494,4
495,0
496,0
497,0
498,1
499,1
500,1
501,0
502,4
503,3
504,2
505,2
506,1
507,0
508,0
509,0
510,0
511,0
512,1
513,1
514,0
515,0
516,3
517,2
518,0
519,1
520,4
521,0
522,3
523,2
524,1
525,0
526,1
527,1
528,1
529,6
530,2
531,2
532,1
533,2
534,0
535,0
536,0
537,0
538,0
539,10
540,3
541,0
542,3
543,3
544,1
545,2
546,2
547,1
548,1
549,1
550,0
551,2
552,2
553,1
554,0
555,0
556,1
557,1
558,0
559,1
560,4
561,1
562,1
563,1
564,0
565,0
566,1
567,2
568,0
569,0
570,0
571,0
572,0
573,0
574,2
575,3
576,1
577,0
578,1
579,0
580,6
581,2
582,1
583,0
584,1
585,0
586,0
587,2
588,2
589,1
590,1
591,1
592,1
593,1
594,1
595,0
596,0
597,3
598,3
599,0
600,2
601,1
602,2
603,2
604,1
605,1
606,1
607,1
608,1
609,1
610,2
611,1
612,0
613,1
614,1
615,1
616,1
617,0
618,1
619,3
620,2
621,1
622,0
623,1
624,1
625,0
626,1
627,1
628,1
629,1
630,0
631,1
632,1
633,0
634,1
635,1
636,1
637,2
638,6
639,1
640,1
641,0
642,0
643,0
644,1
645,2
646,2
647,1
648,1
649,2
650,0
651,1
652,1
653,0
654,0
655,7
656,3
657,0
658,2
659,2
660,1
661,2
662,1
663,0
664,0
665,1
666,1
667,4
668,0
669,1
670,1
671,1
672,0
673,0
674,0
675,0
676,1
677,2
678,1
679,0
680,1
681,1
682,1
683,0
684,1
685,0
686,1
687,0
688,0
689,1
690,3
691,0
692,0
693,1
694,1
695,0
696,7
697,1
698,2
699,2
700,1
701,1
702,1
703,2
704,2
705,2
706,1
707,1
708,0
709,1
710,1
711,1
712,0
713,13
714,2
715,0
716,4
717,5
718,2
719,1
720,2
721,1
722,0
723,1
724,1
725,2
726,1
727,1
728,1
729,1
730,1
731,1
732,1
733,0
734,2
735,3
736,2
737,1
738,1
739,1
740,1
741,0
742,1
743,1
744,1
745,0
746,1
747,1
748,3
749,1
750,2
751,1
752,3
753,1
754,8
755,3
756,2
757,1
758,1
759,1
760,1
761,2
762,3
763,2
764,1
765,2
766,0
767,1
768,1
769,1
770,0
771,10
772,2
773,0
774,4
775,7
776,2
777,2
778,2
779,1
780,1
781,1
782,1
783,2
784,1
785,0
786,1
787,0
788,0
789,2
790,1
791,0
792,2
793,2
794,3
795,1
796,1
797,0
798,1
799,0
800,2
801,1
802,1
803,0
804,0
805,1
806,3
807,0
808,1
809,0
810,2
811,1
812,4
813,2
814,4
815,2
816,1
817,0
818,1
819,9
820,4
821,3
822,0
823,2
824,1
825,3
826,1
827,1
828,1
829,18
830,4
831,0
832,3
833,5
834,2
835,2
836,4
837,2
838,0
839,1
840,0
841,3
842,2
843,0
844,2
845,1
846,3
847,3
848,0
849,1
850,6
851,2
852,3
853,3
854,2
855,2
856,2
857,1
858,1
859,1
860,1
861,0
862,1
863,1
864,5
865,0
866,1
867,1
868,2
869,0
870,8
871,2
872,1
873,1
874,1
875,1
876,1
877,3
878,3
879,2
880,3
881,2
882,1
883,1
884,2
885,1
886,0
887,15
888,6
889,0
890,4
891,2
892,2
893,2
894,2
895,1
896,1
897,1
898,1
899,2
900,2
901,1
902,1
903,0
904,1
905,1
906,0
907,1
908,1
909,1
910,1
911,1
912,1
913,0
914,1
915,0
916,1
917,1
918,0
919,0
920,1
921,0
922,4
923,4
924,0
925,1
926,3
927,0
928,10
929,3
930,1
931,1
932,0
933,0
934,1
935,3
936,2
937,3
938,2
939,0
940,2
941,0
942,1
943,1
944,1
945,11
946,5
947,0
948,2
949,1
950,3
951,2
952,0
953,1
954,2
955,1
956,1
957,1
958,3
959,2
960,1
961,1
962,1
963,3
964,1
965,1
966,2
967,2
968,3
969,1
970,0
971,1
972,2
973,0
974,0
975,0
976,1
977,1
978,1
979,2
980,3
981,1
982,2
983,1
984,3
985,1
986,2
987,1
988,2
989,0
990,0
991,0
992,0
993,1
994,1
995,1
996,1
997,1
998,1
999,0
1000,0
1001,0
1002,0
1003,4
1004,2
1005,0
1006,1
1007,1
1008,1
1009,1
1010,0
1011,0
1012,1
1013,0
1014,0
1015,3
1016,1
1017,1
1018,1
1019,0
1020,0
1021,1
1022,0
1023,0
1024,2
1025,2
1026,2
1027,1
1028,0
1029,1
1030,0
1031,0
1032,1
1033,0
1034,1
1035,1
1036,0
1037,1
1038,2
1039,0
1040,1
1041,0
1042,1
1043,0
1044,3
1045,3
1046,3
1047,1
1048,2
1049,2
1050,1
1051,5
1052,2
1053,2
1054,1
1055,1
1056,3
1057,0
1058,1
1059,0
1060,2
1061,18
1062,2
1063,0
1064,4
1065,1
1066,4
1067,1
1068,1
1069,1
1070,1
1071,0
1072,0
1073,2
1074,4
1075,0
1076,0
1077,0
1078,1
1079,1
1080,0
1081,0
1082,4
1083,2
1084,1
1085,2
1086,1
1087,0
1088,1
1089,0
1090,0
1091,0
1092,0
1093,1
1094,0
1095,0
1096,3
1097,2
1098,0
1099,0
1100,3
1101,0
1102,3
1103,1
1104,1
1105,0
1106,1
1107,1
1108,1
1109,4
1110,2
1111,2
1112,1
1113,2
1114,0
1115,0
1116,0
1117,0
1118,0
1119,11
1120,3
1121,0
1122,3
1123,3
1124,1
1125,1
1126,2
1127,1
1128,1
1129,1
1130,0
1131,2
1132,2
1133,1
1134,0
1135,0
1136,1
1137,1
1138,0
1139,1
1140,5
1141,1
1142,2
1143,1
1144,0
1145,0
1146,1
1147,2
1148,0
1149,0
1150,1
1151,0
1152,0
1153,0
1154,3
1155,2
1156,1
1157,0
1158,1
1159,0
1160,7
1161,2
1162,1
1163,0
1164,1
1165,0
1166,0
1167,2
1168,2
1169,0
1170,1
1171,1
1172,1
1173,0
1174,0
1175,0
1176,0
1177,3
1178,2
1179,0
1180,3
1181,1
1182,2
1183,2
1184,1
1185,1
1186,1
1187,0
1188,1
1189,1
1190,2
1191,2
1192,1
1193,0
1194,1
1195,2
1196,1
1197,0
1198,1
1199,2
1200,2
1201,1
1202,0
1203,0
1204,1
1205,0
1206,0
1207,1
1208,1
1209,1
1210,0
1211,1
1212,2
1213,0
1214,1
1215,1
1216,2
1217,2
1218,7
1219,1
1220,1
1221,1
1222,1
1223,0
1224,1
1225,2
1226,2
1227,1
1228,1
1229,1
1230,0
1231,1
1232,0
1233,0
1234,0
1235,8
1236,3
1237,0
1238,2
1239,2
1240,1
1241,3
1242,1
1243,0
1244,0
1245,1
1246,1
1247,5
1248,0
1249,1
1250,1
1251,1
1252,0
1253,0
1254,0
1255,0
1256,1
1257,2
1258,0
1259,0
1260,0
1261,1
1262,1
1263,0
1264,1
1265,0
1266,0
1267,0
1268,0
1269,1
1270,3
1271,0
1272,0
1273,1
1274,1
1275,1
1276,7
1277,1
1278,2
1279,2
1280,1
1281,1
1282,1
1283,2
1284,1
1285,2
1286,1
1287,2
1288,0
1289,0
1290,1
1291,1
1292,1
1293,14
1294,3
1295,0
1296,4
1297,5
1298,2
1299,1
1300,2
1301,1
1302,0
1303,1
1304,1
1305,2
1306,1
1307,1
1308,1
1309,1
1310,1
1311,1
1312,1
1313,0
1314,2
1315,3
1316,2
1317,1
1318,1
1319,1
1320,2
1321,0
1322,1
1323,1
1324,0
1325,0
1326,1
1327,1
1328,2
1329,0
1330,2
1331,1
1332,3
1333,1
1334,8
1335,3
1336,2
1337,1
1338,1
1339,1
1340,1
1341,2
1342,4
1343,1
1344,1
1345,2
1346,0
1347,1
1348,1
1349,1
1350,0
1351,10
1352,2
1353,0
1354,4
1355,7
1356,1
1357,1
1358,1
1359,0
1360,1
1361,1
1362,1
1363,2
1364,1
1365,0
1366,1
1367,0
1368,0
1369,2
1370,1
1371,0
1372,2
1373,2
1374,2
1375,1
1376,1
1377,1
1378,1
1379,0
1380,2
1381,1
1382,1
1383,0
1384,0
1385,1
1386,3
1387,0
1388,0
1389,0
1390,2
1391,1
1392,4
1393,2
1394,5
1395,1
1396,1
1397,0
1398,1
1399,10
1400,3
1401,3
1402,0
1403,2
1404,1
1405,5
1406,1
1407,1
1408,1
1409,17
1410,3
1411,0
1412,3
1413,4
1414,2
1415,2
1416,5
1417,1
1418,0
1419,1
1420,0
1421,3
1422,2
1423,0
1424,2
1425,0
1426,4
1427,2
1428,0
1429,1
1430,6
1431,2
1432,3
1433,3
1434,2
1435,2
1436,2
1437,1
1438,2
1439,1
1440,1
1441,0
1442,1
1443,1
1444,5
1445,0
1446,1
1447,1
1448,3
1449,0
1450,8
1451,2
1452,1
1453,1
1454,2
1455,1
1456,1
1457,3
1458,2
1459,2
1460,2
1461,2
1462,0
1463,1
1464,2
1465,1
1466,0
1467,17
1468,6
1469,0
1470,4
1471,2
1472,2
1473,2
1474,2
1475,1
1476,1
1477,1
1478,1
1479,1
1480,2
1481,1
1482,1
1483,0
1484,1
1485,1
1486,0
1487,1
1488,2
1489,1
1490,1
1491,2
1492,0
1493,0
1494,0
1495,0
1496,1
1497,1
1498,0
1499,0
1500,1
1501,0
1502,5
1503,3
1504,0
1505,0
1506,3
1507,0
1508,10
1509,2
1510,1
1511,1
1512,1
1513,0
1514,1
1515,3
1516,2
1517,3
1518,2
1519,0
1520,3
1521,0
1522,1
1523,1
1524,1
1525,11
1526,5
1527,0
1528,2
1529,1
1530,3
1531,2
1532,0
1533,1
1534,2
1535,0
1536,1
1537,1
1538,2
1539,1
1540,1
1541,0
1542,1
1543,3
1544,1
1545,2
1546,2
1547,2
1548,2
1549,1
1550,0
1551,1
1552,1
1553,0
1554,0
1555,0
1556,1
1557,1
1558,1
1559,2
1560,3
1561,1
1562,3
1563,1
1564,2
1565,1
1566,3
1567,1
1568,2
1569,0
1570,0
1571,0
1572,0
1573,1
1574,1
1575,1
1576,1
1577,1
1578,1
1579,0
1580,1
1581,0
1582,0
1583,4
1584,2
1585,0
1586,1
1587,1
1588,1
1589,2
1590,0
1591,0
1592,1
1593,0
1594,0
1595,3
1596,1
1597,1
1598,1
1599,0
1600,0
1601,1
1602,0
1603,0
1604,2
1605,2
1606,3
1607,1
1608,1
1609,1
1610,1
1611,0
1612,1
1613,0
1614,0
1615,0
1616,0
1617,1
1618,3
1619,0
1620,1
1621,0
1622,1
1623,0
1624,3
1625,3
1626,3
1627,0
1628,2
1629,2
1630,1
1631,5
1632,3
1633,2
1634,1
1635,1
1636,3
1637,0
1638,1
1639,0
1640,2
1641,18
1642,2
1643,0
1644,4
1645,1
1646,4
1647,1
1648,1
1649,1
1650,1
1651,0
1652,0
1653,2
1654,5
1655,0
1656,0
1657,0
1658,1
1659,1
1660,1
1661,0
1662,4
1663,2
1664,2
1665,1
1666,1
1667,0
1668,0
1669,0
1670,0
1671,0
1672,1
1673,1
1674,0
1675,0
1676,3
1677,2
1678,0
1679,1
1680,4
1681,0
1682,3
1683,2
1684,1
1685,0
1686,1
1687,1
1688,1
1689,4
1690,2
1691,2
1692,1
1693,1
1694,0
1695,0
1696,0
1697,0
1698,0
1699,11
1700,3
1701,0
1702,3
1703,3
1704,2
1705,2
1706,2
1707,1
1708,1
1709,1
1710,0
1711,1
1712,2
1713,1
1714,0
1715,0
1716,1
1717,1
1718,0
1719,1
1720,5
1721,1
1722,2
1723,1
1724,0
1725,0
1726,1
1727,2
1728,1
1729,0
1730,0
1731,0
1732,0
1733,0
1734,2
1735,2
1736,1
1737,0
1738,1
1739,1
1740,7
1741,2
1742,1
1743,0
1744,1
1745,0
1746,1
1747,2
1748,2
1749,0
1750,1
1751,1
1752,1
1753,0
1754,0
1755,0
1756,0
1757,3
1758,3
1759,0
1760,2
1761,1
1762,2
1763,2
1764,1
1765,1
1766,1
1767,0
1768,0
1769,1
1770,2
1771,1
1772,0
1773,0
1774,1
1775,2
1776,1
1777,0
1778,1
1779,2
1780,2
1781,1
1782,1
1783,0
1784,1
1785,0
1786,1
1787,1
1788,1
1789,1
1790,0
1791,1
1792,1
1793,0
1794,1
1795,1
1796,1
1797,2
1798,6
1799,2
1800,1
1801,1
1802,0
1803,0
1804,1
1805,2
1806,2
1807,1
1808,1
1809,2
1810,0
1811,1
1812,0
1813,0
1814,0
1815,8
1816,3
1817,0
1818,2
1819,2
1820,1
1821,2
1822,1
1823,0
1824,0
1825,1
1826,1
1827,5
1828,0
1829,1
1830,1
1831,1
1832,0
1833,0
1834,0
1835,0
1836,1
1837,2
1838,1
1839,0
1840,1
1841,1
1842,1
1843,0
1844,1
1845,0
1846,1
1847,0
1848,0
1849,1
1850,2
1851,0
1852,1
1853,1
1854,1
1855,1
1856,7
1857,1
1858,2
1859,2
1860,2
1861,1
1862,1
1863,2
1864,2
1865,2
1866,1
1867,2
1868,0
1869,1
1870,1
1871,1
1872,0
1873,16
1874,3
1875,0
1876,4
1877,6
1878,2
1879,1
1880,2
1881,1
1882,0
1883,1
1884,1
1885,1
1886,1
1887,1
1888,1
1889,1
1890,1
1891,1
1892,1
1893,0
1894,2
1895,3
1896,2
1897,1
1898,1
1899,1
1900,2
1901,0
1902,1
1903,1
1904,1
1905,0
1906,1
1907,1
1908,2
1909,0
1910,1
1911,1
1912,3
1913,1
1914,7
1915,4
1916,2
1917,1
1918,1
1919,1
1920,1
1921,2
1922,3
1923,2
1924,1
1925,1
1926,0
1927,2
1928,1
1929,1
1930,0
1931,12
1932,3
1933,0
1934,5
1935,9
1936,1
1937,1
1938,1
1939,1
1940,1
1941,1
1942,1
1943,2
1944,1
1945,1
1946,1
1947,0
1948,0
1949,2
1950,1
1951,0
1952,2
1953,2
1954,2
1955,1
1956,1
1957,0
1958,1
1959,0
1960,2
1961,1
1962,1
1963,0
1964,0
1965,1
1966,3
1967,0
1968,0
1969,0
1970,1
1971,1
1972,4
1973,7
1974,5
1975,2
1976,1
1977,0
1978,1
1979,9
1980,3
1981,2
1982,0
1983,2
1984,1
1985,4
1986,1
1987,1
1988,1
1989,18
1990,4
1991,0
1992,3
1993,5
1994,2
1995,2
1996,5
1997,1
1998,0
1999,1
2000,0
2001,3
2002,2
2003,0
2004,2
2005,0
2006,4
2007,4
2008,0
2009,1
2010,6
2011,2
2012,3
2013,3
2014,2
2015,2
2016,2
2017,1
2018,1
2019,1
2020,1
2021,0
2022,1
2023,1
2024,5
2025,0
2026,1
2027,1
2028,3
2029,0
2030,8
2031,2
2032,1
2033,2
2034,2
2035,1
2036,1
2037,3
2038,3
2039,2
2040,2
2041,3
2042,0
2043,1
2044,2
2045,1
2046,0
2047,18
2048,5
2049,0
2050,5
2051,2
2052,2
2053,2
2054,2
2055,1
2056,1
2057,1
2058,1
2059,1
2060,2
2061,1
2062,1
2063,0
2064,1
2065,1
2066,0
2067,1
2068,2
2069,1
2070,1
2071,2
2072,1
2073,0
2074,1
2075,0
2076,2
2077,1
2078,0
2079,0
2080,1
2081,0
2082,5
2083,4
2084,1
2085,0
2086,3
2087,0
2088,9
2089,2
2090,1
2091,1
2092,0
2093,0
2094,1
2095,2
2096,2
2097,3
2098,2
2099,0
2100,3
2101,0
2102,0
2103,1
2104,1
2105,11
2106,5
2107,0
2108,3
2109,2
2110,3
2111,1
2112,0
2113,1
2114,2
2115,1
2116,1
2117,1
2118,2
2119,2
2120,1
2121,1
2122,1
2123,3
2124,1
2125,2
2126,2
2127,2
2128,2
2129,1
2130,0
2131,1
2132,1
2133,0
2134,0
2135,0
2136,1
2137,1
2138,1
2139,2
2140,2
2141,1
2142,3
2143,1
2144,3
2145,1
2146,3
2147,1
2148,2
2149,0
2150,0
2151,0
2152,0
2153,1
2154,1
2155,1
2156,1
2157,1
2158,1
2159,0
2160,0
2161,0
2162,0
2163,3
2164,2
2165,0
2166,1
2167,2
2168,2
2169,1
2170,0
2171,0
2172,1
2173,0
2174,0
2175,6
2176,1
2177,1
2178,1
2179,0
2180,0
2181,1
2182,0
2183,0
2184,2
2185,2
2186,2
2187,1
2188,0
2189,1
2190,1
2191,0
2192,1
2193,0
2194,1
2195,0
2196,0
2197,1
2198,2
2199,0
2200,1
2201,1
2202,1
2203,0
2204,3
2205,3
2206,2
2207,0
2208,3
2209,2
2210,1
2211,5
2212,2
2213,2
2214,1
2215,1
2216,3
2217,0
2218,1
2219,0
2220,2
2221,19
2222,3
2223,0
2224,5
2225,2
2226,4
2227,1
2228,1
2229,1
2230,1
2231,0
2232,0
2233,2
2234,5
2235,0
2236,0
2237,0
2238,1
2239,1
2240,0
2241,0
2242,4
2243,2
2244,2
2245,2
2246,1
2247,0
2248,0
2249,0
2250,1
2251,0
2252,1
2253,1
2254,0
2255,0
2256,3
2257,2
2258,0
2259,0
2260,3
2261,0
2262,2
2263,1
2264,1
2265,0
2266,1
2267,1
2268,1
2269,4
2270,2
2271,2
2272,1
2273,2
2274,0
2275,0
2276,0
2277,0
2278,0
2279,13
2280,3
2281,0
2282,3
2283,3
2284,2
2285,2
2286,2
2287,1
2288,1
2289,1
2290,0
2291,2
2292,2
2293,1
2294,0
2295,0
2296,1
2297,1
2298,0
2299,1
2300,5
2301,1
2302,2
2303,1
2304,0
2305,0
2306,1
2307,2
2308,1
2309,0
2310,0
2311,0
2312,0
2313,0
2314,3
2315,3
2316,1
2317,0
2318,1
2319,1
2320,7
2321,2
2322,2
2323,0
2324,1
2325,0
2326,0
2327,2
2328,2
2329,0
2330,2
2331,1
2332,1
2333,1
2334,0
2335,0
2336,0
2337,3
2338,3
2339,0
2340,3
2341,1
2342,2
2343,2
2344,1
2345,1
2346,1
2347,0
2348,1
2349,1
2350,3
2351,1
2352,1
2353,1
2354,1
2355,2
2356,1
2357,0
2358,1
2359,3
2360,2
2361,1
2362,0
2363,0
2364,2
2365,0
2366,1
2367,1
2368,1
2369,1
2370,0
2371,1
2372,1
2373,0
2374,1
2375,0
2376,1
2377,1
2378,8
2379,2
2380,1
2381,1
2382,0
2383,0
2384,1
2385,2
2386,2
2387,1
2388,1
2389,1
2390,0
2391,1
2392,0
2393,0
2394,0
2395,9
2396,3
2397,0
2398,3
2399,2
2400,1
2401,3
2402,1
2403,1
2404,0
2405,1
2406,1
2407,4
2408,0
2409,1
2410,1
2411,1
2412,0
2413,0
2414,0
2415,0
2416,1
2417,2
2418,1
2419,0
2420,0
2421,1
2422,1
2423,0
2424,1
2425,1
2426,0
2427,0
2428,0
2429,1
2430,2
2431,0
2432,1
2433,1
2434,1
2435,1
2436,9
2437,1
2438,2
2439,2
2440,2
2441,1
2442,1
2443,2
2444,2
2445,2
2446,1
2447,2
2448,0
2449,0
2450,1
2451,1
2452,0
2453,16
2454,4
2455,0
2456,6
2457,6
2458,2
2459,1
2460,3
2461,2
2462,0
2463,1
2464,1
2465,2
2466,1
2467,1
2468,1
2469,1
2470,1
2471,1
2472,1
2473,0
2474,2
2475,3
2476,3
2477,1
2478,1
2479,1
2480,1
2481,0
2482,1
2483,1
2484,1
2485,0
2486,1
2487,1
2488,2
2489,0
2490,2
2491,1
2492,3
2493,1
2494,9
2495,4
2496,2
2497,2
2498,1
2499,1
2500,1
2501,2
2502,3
2503,1
2504,1
2505,2
2506,0
2507,2
2508,1
2509,1
2510,0
2511,12
2512,2
2513,0
2514,6
2515,9
2516,2
2517,1
2518,2
2519,1
2520,1
2521,1
2522,1
2523,2
2524,1
2525,0
2526,1
2527,1
2528,0
2529,3
2530,1
2531,0
2532,3
2533,2
2534,3
2535,1
2536,1
2537,1
2538,2
2539,0
2540,2
2541,1
2542,1
2543,0
2544,0
2545,1
2546,3
2547,0
2548,0
2549,0
2550,2
2551,1
2552,4
2553,6
2554,5
2555,2
2556,1
2557,1
2558,1
2559,9
2560,3
2561,3
2562,0
2563,2
2564,1
2565,3
2566,1
2567,1
2568,1
2569,19
2570,4
2571,0
2572,4
2573,4
2574,2
2575,3
2576,5
2577,1
2578,0
2579,2
2580,0
2581,2
2582,3
2583,0
2584,2
2585,0
2586,4
2587,2
2588,0
2589,1
2590,6
2591,2
2592,3
2593,3
2594,2
2595,2
2596,3
2597,1
2598,1
2599,1
2600,1
2601,0
2602,1
2603,1
2604,5
2605,0
2606,1
2607,1
2608,3
2609,0
2610,12
2611,2
2612,1
2613,1
2614,2
2615,1
2616,1
2617,3
2618,3
2619,2
2620,3
2621,2
2622,0
2623,1
2624,2
2625,1
2626,0
2627,23
2628,7
2629,0
2630,6
2631,3
2632,2
2633,2
2634,3
2635,1
2636,1
2637,1
2638,1
2639,3
2640,2
2641,1
2642,1
2643,0
2644,1
2645,1
2646,0
2647,1
2648,2
2649,1
2650,2
2651,2
2652,1
2653,0
2654,1
2655,0
2656,2
2657,1
2658,0
2659,1
2660,1
2661,0
2662,5
2663,3
2664,0
2665,1
2666,4
2667,0
2668,10
2669,3
2670,1
2671,1
2672,0
2673,0
2674,1
2675,3
2676,2
2677,3
2678,2
2679,0
2680,2
2681,0
2682,0
2683,1
2684,1
2685,14
2686,5
2687,0
2688,2
2689,2
2690,3
2691,1
2692,0
2693,0
2694,2
2695,0
2696,1
2697,1
2698,2
2699,1
2700,1
2701,0
2702,1
2703,2
2704,1
2705,2
2706,2
2707,2
2708,3
2709,1
2710,0
2711,1
2712,2
2713,0
2714,0
2715,0
2716,1
2717,1
2718,1
2719,2
2720,3
2721,1
2722,2
2723,1
2724,3
2725,1
2726,3
2727,2
2728,2
2729,0
2730,0
2731,0
2732,0
2733,1
2734,1
2735,1
2736,1
2737,1
2738,1
2739,0
2740,0
2741,0
2742,0
2743,4
2744,2
2745,0
2746,1
2747,1
2748,2
2749,1
2750,0
2751,0
2752,1
2753,0
2754,0
2755,4
2756,1
2757,1
2758,1
2759,0
2760,0
2761,1
2762,0
2763,0
2764,2
2765,2
2766,3
2767,1
2768,1
2769,0
2770,1
2771,0
2772,1
2773,1
2774,1
2775,1
2776,0
2777,1
2778,3
2779,0
2780,1
2781,0
2782,1
2783,0
2784,3
2785,4
2786,2
2787,0
2788,2
2789,2
2790,1
2791,5
2792,2
2793,2
2794,1
2795,1
2796,3
2797,0
2798,1
2799,0
2800,2
2801,19
2802,3
2803,0
2804,5
2805,2
2806,5
2807,1
2808,1
2809,1
2810,1
2811,0
2812,0
2813,2
2814,5
2815,0
2816,0
2817,0
2818,2
2819,1
2820,0
2821,0
2822,4
2823,3
2824,2
2825,2
2826,1
2827,0
2828,1
2829,0
2830,0
2831,0
2832,1
2833,1
2834,0
2835,0
2836,2
2837,3
2838,0
2839,0
2840,4
2841,0
2842,3
2843,2
2844,1
2845,0
2846,1
2847,1
2848,1
2849,5
2850,2
2851,2
2852,1
2853,2
2854,0
2855,0
2856,0
2857,0
2858,0
2859,15
2860,3
2861,0
2862,4
2863,3
2864,2
2865,1
2866,2
2867,1
2868,1
2869,0
2870,0
2871,2
2872,2
2873,1
2874,0
2875,0
2876,1
2877,1
2878,0
2879,1
2880,6
2881,2
2882,2
2883,1
2884,0
2885,0
2886,1
2887,2
2888,1
2889,0
2890,0
2891,0
2892,0
2893,0
2894,2
2895,2
2896,1
2897,0
2898,1
2899,1
2900,8
2901,2
2902,1
2903,0
2904,1
2905,0
2906,1
2907,2
2908,2
2909,0
2910,1
2911,1
2912,1
2913,1
2914,0
2915,0
2916,1
2917,3
2918,4
2919,0
2920,4
2921,1
2922,2
2923,2
2924,1
2925,1
2926,1
2927,0
2928,0
2929,1
2930,2
2931,1
2932,1
2933,1
2934,1
2935,2
2936,1
2937,0
2938,2
2939,3
2940,2
2941,1
2942,0
2943,1
2944,1
2945,0
2946,1
2947,1
2948,1
2949,1
2950,0
2951,1
2952,1
2953,0
2954,1
2955,1
2956,2
2957,2
2958,7
2959,2
2960,1
2961,1
2962,0
2963,1
2964,1
2965,2
2966,2
2967,1
2968,1
2969,2
2970,0
2971,1
2972,0
2973,1
2974,0
2975,10
2976,4
2977,0
2978,4
2979,2
2980,1
2981,3
2982,1
2983,1
2984,0
2985,1
2986,1
2987,4
2988,0
2989,1
2990,1
2991,1
2992,0
2993,0
2994,0
2995,0
2996,1
2997,2
2998,1
2999,0
3000,1
3001,1
3002,1
3003,0
3004,1
3005,0
3006,1
3007,0
3008,0
3009,1
3010,3
3011,0
3012,1
3013,1
3014,1
3015,0
3016,10
3017,1
3018,2
3019,3
3020,2
3021,1
3022,1
3023,3
3024,2
3025,2
3026,1
3027,2
3028,0
3029,0
3030,1
3031,1
3032,0
3033,17
3034,5
3035,0
3036,6
3037,6
3038,2
3039,1
3040,3
3041,2
3042,1
3043,2
3044,1
3045,3
3046,1
3047,1
3048,1
3049,1
3050,1
3051,1
3052,1
3053,0
3054,3
3055,4
3056,3
3057,1
3058,1
3059,1
3060,2
3061,0
3062,1
3063,1
3064,1
3065,0
3066,1
3067,1
3068,2
3069,0
3070,2
3071,1
3072,3
3073,1
3074,9
3075,5
3076,3
3077,2
3078,1
3079,1
3080,1
3081,2
3082,4
3083,2
3084,1
3085,2
3086,0
3087,2
3088,1
3089,1
3090,0
3091,13
3092,3
3093,0
3094,6
3095,9
3096,2
3097,1
3098,2
3099,1
3100,1
3101,1
3102,2
3103,3
3104,1
3105,1
3106,1
3107,1
3108,1
3109,3
3110,1
3111,0
3112,3
3113,3
3114,3
3115,2
3116,1
3117,1
3118,2
3119,0
3120,2
3121,2
3122,1
3123,0
3124,0
3125,1
3126,2
3127,0
3128,0
3129,1
3130,2
3131,2
3132,5
3133,6
3134,6
3135,2
3136,1
3137,1
3138,1
3139,10
3140,4
3141,3
3142,1
3143,3
3144,1
3145,4
3146,1
3147,2
3148,1
3149,20
3150,4
3151,0
3152,5
3153,6
3154,2
3155,3
3156,5
3157,1
3158,0
3159,1
3160,0
3161,3
3162,2
3163,0
3164,2
3165,1
3166,4
3167,3
3168,0
3169,1
3170,7
3171,2
3172,3
3173,3
3174,3
3175,2
3176,3
3177,1
3178,1
3179,1
3180,1
3181,1
3182,1
3183,1
3184,5
3185,0
3186,1
3187,1
3188,4
3189,0
3190,13
3191,3
3192,2
3193,2
3194,3
3195,1
3196,1
3197,4
3198,3
3199,2
3200,3
3201,3
3202,0
3203,1
3204,2
3205,1
3206,0
3207,24
3208,7
3209,0
3210,7
3211,3
3212,2
3213,2
3214,2
3215,1
3216,1
3217,2
3218,1
3219,3
3220,3
3221,1
3222,1
3223,0
3224,1
3225,1
3226,0
3227,1
3228,2
3229,1
3230,1
3231,3
3232,1
3233,0
3234,1
3235,0
3236,2
3237,1
3238,0
3239,1
3240,1
3241,0
3242,5
3243,5
3244,0
3245,0
3246,4
3247,0
3248,11
3249,4
3250,1
3251,1
3252,0
3253,0
3254,1
3255,3
3256,2
3257,3
3258,2
3259,0
3260,3
3261,0
3262,1
3263,1
3264,1
3265,12
3266,5
3267,0
3268,3
3269,1
3270,3
3271,2
3272,0
3273,0
3274,2
3275,1
3276,1
3277,1
3278,2
3279,1
3280,1
3281,1
3282,1
3283,3
3284,1
3285,2
3286,2
3287,3
3288,3
3289,1
3290,0
3291,1
3292,2
3293,0
3294,1
3295,0
3296,1
3297,1
3298,1
3299,2
3300,3
3301,1
3302,2
3303,1
3304,3
3305,2
3306,3
3307,2
3308,3
3309,0
3310,0
3311,0
3312,1
3313,1
3314,1
3315,1
3316,1
3317,1
3318,1
3319,0
3320,0
3321,0
3322,1
3323,4
3324,2
3325,0
3326,2
3327,1
3328,2
3329,1
3330,0
3331,0
3332,1
3333,0
3334,0
3335,4
3336,1
3337,1
3338,0
3339,0
3340,0
3341,1
3342,0
3343,0
3344,3
3345,2
3346,3
3347,1
3348,1
3349,1
3350,1
3351,0
3352,1
3353,1
3354,1
3355,0
3356,0
3357,1
3358,2
3359,0
3360,1
3361,0
3362,1
3363,0
3364,4
3365,4
3366,3
3367,0
3368,2
3369,2
3370,1
3371,5
3372,3
3373,3
3374,1
3375,1
3376,3
3377,0
3378,1
3379,0
3380,3
3381,21
3382,2
3383,0
3384,5
3385,1
3386,5
3387,1
3388,1
3389,1
3390,1
3391,0
3392,1
3393,2
3394,4
3395,0
3396,0
3397,0
3398,1
3399,1
3400,0
3401,0
3402,4
3403,2
3404,2
3405,2
3406,1
3407,1
3408,1
3409,0
3410,0
3411,0
3412,1
3413,1
3414,0
3415,0
3416,3
3417,3
3418,0
3419,0
3420,4
3421,0
3422,4
3423,2
3424,1
3425,1
3426,1
3427,1
3428,1
3429,5
3430,2
3431,2
3432,1
3433,2
3434,1
3435,0
3436,1
3437,0
3438,1
3439,15
3440,4
3441,0
3442,4
3443,4
3444,2
3445,2
3446,2
3447,1
3448,1
3449,1
3450,0
3451,3
3452,2
3453,1
3454,0
3455,0
3456,1
3457,1
3458,0
3459,1
3460,5
3461,2
3462,2
3463,1
3464,0
3465,0
3466,1
3467,2
3468,0
3469,0
3470,1
3471,0
3472,0
3473,0
3474,3
3475,3
3476,1
3477,0
3478,1
3479,1
3480,8
3481,2
3482,2
3483,0
3484,1
3485,0
3486,0
3487,3
3488,2
3489,0
3490,2
3491,1
3492,2
3493,1
3494,0
3495,0
3496,0
3497,3
3498,3
3499,0
3500,3
3501,1
3502,2
3503,2
3504,1
3505,1
3506,2
3507,0
3508,1
3509,1
3510,2
3511,1
3512,1
3513,0
3514,1
3515,2
3516,1
3517,0
3518,2
3519,3
3520,2
3521,1
3522,0
3523,1
3524,1
3525,0
3526,1
3527,1
3528,1
3529,1
3530,0
3531,1
3532,2
3533,0
3534,1
3535,1
3536,2
3537,2
3538,7
3539,2
3540,1
3541,0
3542,0
3543,1
3544,1
3545,3
3546,2
3547,1
3548,1
3549,2
3550,0
3551,1
3552,0
3553,0
3554,0
3555,8
3556,4
3557,0
3558,3
3559,3
3560,1
3561,3
3562,1
3563,0
3564,0
3565,1
3566,1
3567,4
3568,0
3569,2
3570,1
3571,1
3572,0
3573,0
3574,0
3575,1
3576,1
3577,2
3578,1
3579,0
3580,1
3581,1
3582,1
3583,0
3584,1
3585,0
3586,0
3587,0
3588,0
3589,1
3590,3
3591,0
3592,0
3593,1
3594,1
3595,0
3596,8
3597,1
3598,2
3599,3
3600,1
3601,1
3602,1
3603,2
3604,2
3605,2
3606,1
3607,2
3608,1
3609,1
3610,1
3611,1
3612,0
3613,17
3614,4
3615,0
3616,5
3617,8
3618,2
3619,1
3620,3
3621,2
3622,1
3623,2
3624,1
3625,1
3626,1
3627,1
3628,1
3629,1
3630,1
3631,2
3632,1
3633,0
3634,3
3635,3
3636,3
3637,1
3638,1
3639,1
3640,2
3641,0
3642,1
3643,1
3644,1
3645,0
3646,1
3647,1
3648,3
3649,0
3650,1
3651,1
3652,4
3653,1
3654,8
3655,4
3656,2
3657,1
3658,1
3659,1
3660,1
3661,2
3662,4
3663,2
3664,1
3665,3
3666,1
3667,2
3668,1
3669,1
3670,0
3671,12
3672,3
3673,0
3674,6
3675,9
3676,2
3677,1
3678,2
3679,1
3680,1
3681,1
3682,1
3683,3
3684,1
3685,1
3686,1
3687,0
3688,0
3689,2
3690,1
3691,0
3692,3
3693,2
3694,3
3695,1
3696,1
3697,1
3698,1
3699,0
3700,2
3701,1
3702,1
3703,0
3704,0
3705,1
3706,3
3707,0
3708,1
3709,0
3710,2
3711,1
3712,4
3713,4
3714,5
3715,2
3716,1
3717,0
3718,1
3719,12
3720,4
3721,3
3722,1
3723,3
3724,1
3725,4
3726,1
3727,2
3728,1
3729,20
3730,4
3731,0
3732,5
3733,5
3734,2
3735,2
3736,4
3737,2
3738,0
3739,2
3740,0
3741,3
3742,2
3743,0
3744,2
3745,0
3746,3
3747,3
3748,0
3749,1
3750,7
3751,2
3752,3
3753,3
3754,2
3755,2
3756,3
3757,1
3758,1
3759,1
3760,1
3761,0
3762,1
3763,1
3764,5
3765,0
3766,1
3767,1
3768,4
3769,0
3770,10
3771,2
3772,1
3773,1
3774,2
3775,1
3776,1
3777,4
3778,3
3779,2
3780,3
3781,3
3782,1
3783,1
3784,2
3785,1
3786,0
3787,19
3788,7
3789,0
3790,6
3791,2
3792,2
3793,2
3794,2
3795,1
3796,1
3797,2
3798,1
3799,2
3800,2
3801,1
3802,1
3803,0
3804,1
3805,0
3806,0
3807,1
3808,2
3809,1
3810,2
3811,2
3812,1
3813,0
3814,1
3815,0
3816,2
3817,1
3818,0
3819,1
3820,1
3821,0
3822,5
3823,4
3824,0
3825,1
3826,4
3827,0
3828,12
3829,3
3830,1
3831,1
3832,0
3833,0
3834,1
3835,4
3836,2
3837,3
3838,2
3839,1
3840,3
3841,0
3842,1
3843,1
3844,1
3845,11
3846,5
3847,0
3848,2
3849,1
3850,3
3851,3
3852,0
3853,0
3854,2
3855,1
3856,1
3857,1
3858,3
3859,1
3860,1
3861,1
3862,1
3863,2
3864,1
3865,2
3866,3
3867,2
3868,3
3869,1
3870,0
3871,1
3872,2
3873,0
3874,1
3875,0
3876,1
3877,1
3878,1
3879,2
3880,2
3881,1
3882,2
3883,1
3884,3
3885,2
3886,3
3887,1
3888,2
3889,0
3890,1
3891,0
3892,0
3893,1
3894,2
3895,1
3896,1
3897,1
3898,1
3899,1
3900,1
3901,0
3902,0
3903,4
3904,2
3905,0
3906,1
3907,2
3908,2
3909,1
3910,0
3911,0
3912,1
3913,0
3914,1
3915,4
3916,1
3917,1
3918,1
3919,0
3920,0
3921,1
3922,0
3923,0
3924,2
3925,2
3926,3
3927,1
3928,0
3929,1
3930,1
3931,0
3932,1
3933,0
3934,0
3935,1
3936,0
3937,1
3938,3
3939,0
3940,1
3941,0
3942,1
3943,1
3944,4
3945,4
3946,3
3947,0
3948,2
3949,2
3950,1
3951,6
3952,2
3953,2
3954,1
3955,1
3956,3
3957,0
3958,1
3959,0
3960,3
3961,18
3962,3
3963,0
3964,4
3965,1
3966,5
3967,1
3968,1
3969,1
3970,1
3971,0
3972,0
3973,1
3974,5
3975,0
3976,0
3977,0
3978,1
3979,1
3980,0
3981,0
3982,4
3983,2
3984,2
3985,2
3986,1
3987,0
3988,1
3989,0
3990,0
3991,1
3992,0
3993,2
3994,0
3995,0
3996,3
3997,2
3998,0
3999,0
4000,4
4001,0
4002,3
4003,2
4004,1
4005,1
4006,1
4007,1
4008,1
4009,6
4010,2
4011,2
4012,2
4013,2
4014,1
4015,0
4016,1
4017,0
4018,1
4019,13
4020,4
4021,0
4022,3
4023,3
4024,2
4025,2
4026,2
4027,1
4028,1
4029,1
4030,0
4031,2
4032,2
4033,1
4034,0
4035,0
4036,1
4037,1
4038,0
4039,1
4040,5
4041,2
4042,2
4043,1
4044,0
4045,0
4046,1
4047,3
4048,0
4049,0
4050,0
4051,0
4052,0
4053,0
4054,2
4055,3
4056,1
4057,0
4058,1
4059,1
4060,7
4061,2
4062,1
4063,0
4064,1
4065,0
4066,0
4067,2
4068,2
4069,0
4070,1
4071,1
4072,2
4073,0
4074,0
4075,0
4076,0
4077,3
4078,3
4079,0
4080,2
4081,1
4082,2
4083,1
4084,1
4085,0
4086,1
4087,1
4088,1
4089,1
4090,2
4091,1
4092,0
4093,0
4094,1
4095,2
4096,1
4097,0
4098,1
4099,3
4100,2
4101,1
4102,0
4103,1
4104,1
4105,0
4106,1
4107,1
4108,1
4109,1
4110,0
4111,1
4112,1
4113,0
4114,1
4115,0
4116,2
4117,2
4118,6
4119,1
4120,1
4121,1
4122,1
4123,0
4124,1
4125,3
4126,3
4127,1
4128,1
4129,2
4130,0
4131,1
4132,0
4133,0
4134,0
4135,7
4136,3
4137,0
4138,2
4139,2
4140,1
4141,3
4142,1
4143,0
4144,0
4145,1
4146,1
4147,4
4148,0
4149,1
4150,1
4151,1
4152,0
4153,0
4154,0
4155,0
4156,1
4157,2
4158,0
4159,1
4160,1
4161,1
4162,1
4163,0
4164,1
4165,0
4166,1
4167,0
4168,0
4169,1
4170,3
4171,0
4172,0
4173,1
4174,1
4175,0
4176,7
4177,1
4178,2
4179,2
4180,1
4181,1
4182,1
4183,3
4184,2
4185,2
4186,1
4187,2
4188,0
4189,0
4190,1
4191,1
4192,0
4193,15
4194,4
4195,0
4196,4
4197,5
4198,2
4199,1
4200,2
4201,1
4202,0
4203,1
4204,1
4205,2
4206,1
4207,1
4208,1
4209,1
4210,1
4211,1
4212,1
4213,0
4214,2
4215,3
4216,2
4217,1
4218,1
4219,1
4220,2
4221,0
4222,1
4223,1
4224,0
4225,0
4226,1
4227,1
4228,2
4229,0
4230,1
4231,1
4232,3
4233,1
4234,8
4235,3
4236,2
4237,1
4238,1
4239,1
4240,2
4241,2
4242,4
4243,2
4244,1
4245,2
4246,0
4247,2
4248,1
4249,1
4250,0
4251,10
4252,2
4253,0
4254,5
4255,9
4256,2
4257,1
4258,2
4259,0
4260,1
4261,1
4262,1
4263,2
4264,1
4265,1
4266,1
4267,1
4268,0
4269,2
4270,1
4271,0
4272,3
4273,2
4274,2
4275,1
4276,1
4277,1
4278,1
4279,0
4280,2
4281,1
4282,1
4283,0
4284,0
4285,1
4286,3
4287,0
4288,0
4289,1
4290,2
4291,1
4292,4
4293,3
4294,5
4295,1
4296,1
4297,0
4298,1
4299,11
4300,3
4301,3
4302,1
4303,3
4304,0
4305,4
4306,1
4307,1
4308,1
4309,21
4310,3
4311,0
4312,4
4313,4
4314,2
4315,3
4316,4
4317,1
4318,0
4319,1
4320,0
4321,4
4322,2
4323,0
4324,2
4325,0
4326,3
4327,3
4328,0
4329,1
4330,6
4331,2
4332,4
4333,3
4334,2
4335,2
4336,2
4337,1
4338,1
4339,1
4340,1
4341,0
4342,1
4343,1
4344,4
4345,0
4346,1
4347,2
4348,3
4349,0
4350,7
4351,2
4352,1
4353,1
4354,1
4355,1
4356,1
4357,3
4358,2
4359,2
4360,3
4361,3
4362,0
4363,1
4364,2
4365,1
4366,0
4367,16
4368,6
4369,0
4370,5
4371,2
4372,1
4373,2
4374,2
4375,1
4376,1
4377,1
4378,1
4379,2
4380,1
4381,0
4382,1
4383,0
4384,1
4385,1
4386,0
4387,1
4388,1
4389,1
4390,1
4391,2
4392,0
4393,0
4394,1
4395,0
4396,1
4397,1
4398,0
4399,1
4400,1
4401,0
4402,5
4403,4
4404,0
4405,0
4406,3
4407,0
4408,10
4409,2
4410,1
4411,1
4412,0
4413,0
4414,1
4415,3
4416,2
4417,2
4418,2
4419,1
4420,2
4421,0
4422,1
4423,1
4424,1
4425,10
4426,5
4427,0
4428,2
4429,1
4430,3
4431,2
4432,0
4433,0
4434,2
4435,1
4436,1
4437,1
4438,2
4439,1
4440,1
4441,1
4442,1
4443,3
4444,1
4445,2
4446,2
4447,2
4448,3
4449,1
4450,0
4451,1
4452,2
4453,0
4454,1
4455,0
4456,1
4457,1
4458,1
4459,2
4460,3
4461,1
4462,2
4463,1
4464,3
4465,2
4466,2
4467,1
4468,2
4469,0
4470,0
4471,0
4472,0
4473,1
4474,1
4475,1
4476,1
4477,1
4478,1
4479,0
4480,0
4481,0
4482,0
4483,4
4484,1
4485,0
4486,1
4487,2
4488,1
4489,2
4490,0
4491,0
4492,1
4493,0
4494,0
4495,2
4496,1
4497,1
4498,0
4499,0
4500,0
4501,1
4502,0
4503,0
4504,2
4505,2
4506,3
4507,1
4508,0
4509,0
4510,1
4511,0
4512,1
4513,0
4514,0
4515,1
4516,0
4517,1
4518,3
4519,0
4520,1
4521,0
4522,1
4523,1
4524,3
4525,3
4526,2
4527,0
4528,2
4529,2
4530,1
4531,5
4532,2
4533,2
4534,1
4535,1
4536,3
4537,0
4538,1
4539,0
4540,2
4541,18
4542,2
4543,0
4544,4
4545,1
4546,4
4547,1
4548,1
4549,1
4550,1
4551,0
4552,1
4553,2
4554,4
4555,0
4556,0
4557,0
4558,1
4559,1
4560,0
4561,0
4562,4
4563,3
4564,2
4565,2
4566,1
4567,0
4568,0
4569,0
4570,0
4571,0
4572,1
4573,1
4574,0
4575,0
4576,3
4577,2
4578,0
4579,1
4580,4
4581,0
4582,3
4583,2
4584,1
4585,0
4586,1
4587,1
4588,1
4589,5
4590,2
4591,2
4592,1
4593,2
4594,0
4595,0
4596,0
4597,0
4598,0
4599,10
4600,3
4601,0
4602,3
4603,3
4604,1
4605,2
4606,2
4607,1
4608,1
4609,1
4610,0
4611,2
4612,2
4613,1
4614,0
4615,0
4616,1
4617,1
4618,0
4619,1
4620,5
4621,1
4622,1
4623,1
4624,0
4625,0
4626,1
4627,2
4628,0
4629,0
4630,0
4631,0
4632,0
4633,0
4634,2
4635,3
4636,1
4637,0
4638,1
4639,0
4640,6
4641,2
4642,1
4643,0
4644,1
4645,0
4646,0
4647,2
4648,2
4649,1
4650,1
4651,1
4652,1
4653,1
4654,1
4655,0
4656,0
4657,3
4658,3
4659,0
4660,2
4661,1
4662,2
4663,2
4664,1
4665,1
4666,1
4667,1
4668,1
4669,1
4670,2
4671,1
4672,0
4673,1
4674,1
4675,1
4676,1
4677,0
4678,1
4679,3
4680,2
4681,1
4682,0
4683,1
4684,1
4685,0
4686,1
4687,0
4688,1
4689,1
4690,0
4691,1
4692,1
4693,0
4694,1
4695,1
4696,1
4697,2
4698,6
4699,1
4700,1
4701,0
4702,0
4703,0
4704,1
4705,2
4706,2
4707,1
4708,1
4709,2
4710,0
4711,1
4712,1
4713,0
4714,0
4715,7
4716,3
4717,0
4718,2
4719,2
4720,1
4721,2
4722,1
4723,0
4724,0
4725,1
4726,1
4727,4
4728,0
4729,1
4730,1
4731,1
4732,0
4733,0
4734,0
4735,0
4736,1
4737,2
4738,1
4739,0
4740,1
4741,1
4742,1
4743,0
4744,1
4745,0
4746,1
4747,0
4748,0
4749,1
4750,3
4751,0
4752,0
4753,1
4754,1
4755,0
4756,7
4757,1
4758,2
4759,2
4760,1
4761,1
4762,1
4763,2
4764,2
4765,2
4766,1
4767,1
4768,0
4769,1
4770,1
4771,1
4772,0
4773,14
4774,2
4775,0
4776,4
4777,5
4778,2
4779,1
4780,1
4781,1
4782,0
4783,1
4784,1
4785,2
4786,1
4787,1
4788,1
4789,1
4790,1
4791,1
4792,1
4793,0
4794,2
4795,2
4796,2
4797,1
4798,1
4799,1
4800,1
4801,0
4802,1
4803,1
4804,1
4805,0
4806,1
4807,1
4808,3
4809,1
4810,2
4811,1
4812,3
4813,1
4814,8
4815,3
4816,2
4817,1
4818,1
4819,1
4820,1
4821,2
4822,3
4823,2
4824,1
4825,2
4826,0
4827,1
4828,1
4829,1
4830,0
4831,10
4832,2
4833,0
4834,4
4835,7
4836,2
4837,1
4838,2
4839,1
4840,1
4841,1
4842,1
4843,2
4844,1
4845,0
4846,1
4847,0
4848,0
4849,2
4850,1
4851,0
4852,2
4853,2
4854,3
4855,1
4856,1
4857,0
4858,1
4859,0
4860,2
4861,1
4862,1
4863,0
4864,0
4865,1
4866,3
4867,0
4868,1
4869,0
4870,2
4871,1
4872,5
4873,2
4874,4
4875,2
4876,1
4877,0
4878,1
4879,9
4880,3
4881,3
4882,0
4883,2
4884,1
4885,3
4886,1
4887,1
4888,1
4889,18
4890,4
4891,0
4892,3
4893,5
4894,2
4895,2
4896,4
4897,1
4898,0
4899,1
4900,0
4901,3
4902,2
4903,0
4904,2
4905,1
4906,3
4907,3
4908,0
4909,1
4910,6
4911,2
4912,3
4913,3
4914,2
4915,2
4916,2
4917,1
4918,1
4919,1
4920,1
4921,0
4922,1
4923,1
4924,5
4925,0
4926,1
4927,1
4928,3
4929,0
4930,8
4931,2
4932,1
4933,1
4934,1
4935,1
4936,1
4937,3
4938,3
4939,2
4940,3
4941,2
4942,1
4943,1
4944,2
4945,1
4946,0
4947,16
4948,6
4949,0
4950,4
4951,2
4952,2
4953,2
4954,2
4955,1
4956,1
4957,1
4958,1
4959,2
4960,2
4961,1
4962,1
4963,0
4964,1
4965,1
4966,0
4967,1
4968,1
4969,1
4970,1
4971,1
4972,1
4973,0
4974,1
4975,0
4976,1
4977,1
4978,0
4979,0
4980,1
4981,0
4982,4
4983,4
4984,0
4985,1
4986,3
4987,0
4988,10
4989,3
4990,1
4991,1
4992,0
4993,0
4994,1
4995,3
4996,2
4997,3
4998,2
4999,0
5000,2
5001,0
5002,1
5003,1
5004,1
5005,10
5006,5
5007,0
5008,2
5009,1
5010,3
5011,2
5012,0
5013,1
5014,2
5015,1
5016,1
5017,1
5018,2
5019,2
5020,1
5021,1
5022,1
5023,3
5024,1
5025,1
5026,2
5027,2
5028,3
5029,1
5030,0
5031,1
5032,2
5033,0
5034,0
5035,0
5036,1
5037,1
5038,1
5039,2
5040,3
5041,1
5042,2
5043,1
5044,3
5045,1
5046,2
5047,1
5048,2
5049,0
5050,0
5051,0
5052,0
5053,1
5054,1
5055,1
5056,1
5057,1
5058,1
5059,0
5060,0
5061,0
5062,0
5063,4
5064,2
5065,0
5066,1
5067,1
5068,1
5069,1
5070,0
5071,0
5072,1
5073,0
5074,0
5075,3
5076,1
5077,1
5078,1
5079,0
5080,0
5081,1
5082,0
5083,0
5084,2
5085,2
5086,2
5087,1
5088,0
5089,1
5090,0
5091,0
5092,1
5093,0
5094,1
5095,1
5096,0
5097,1
5098,2
5099,0
5100,1
5101,0
5102,1
5103,0
5104,3
5105,3
5106,3
5107,1
5108,2
5109,2
5110,1
5111,5
5112,2
5113,2
5114,1
5115,1
5116,3
5117,0
5118,1
5119,0
5120,2
5121,17
5122,2
5123,0
5124,4
5125,1
5126,4
5127,1
5128,1
5129,1
5130,1
5131,0
5132,0
5133,2
5134,4
5135,0
5136,0
5137,0
5138,1
5139,1
5140,0
5141,0
5142,4
5143,2
5144,1
5145,2
5146,1
5147,0
5148,1
5149,0
5150,0
5151,0
5152,0
5153,1
5154,0
5155,0
5156,3
5157,2
5158,0
5159,0
5160,3
5161,0
5162,3
5163,1
5164,1
5165,0
5166,1
5167,1
5168,1
5169,4
5170,2
5171,2
5172,1
5173,2
5174,0
5175,0
5176,0
5177,0
5178,0
5179,12
5180,3
5181,0
5182,3
5183,3
5184,1
5185,1
5186,2
5187,1
5188,1
5189,1
5190,0
5191,2
5192,2
5193,1
5194,0
5195,0
5196,1
5197,1
5198,0
5199,1
5200,5
5201,1
5202,1
5203,1
5204,0
5205,0
5206,1
5207,2
5208,0
5209,0
5210,0
5211,0
5212,0
5213,0
5214,3
5215,2
5216,1
5217,0
5218,1
5219,0
5220,6
5221,2
5222,1
5223,0
5224,1
5225,0
5226,0
5227,2
5228,2
5229,0
5230,1
5231,1
5232,1
5233,0
5234,0
5235,0
5236,0
5237,3
5238,2
5239,0
5240,3
5241,1
5242,2
5243,1
5244,1
5245,1
5246,1
5247,0
5248,1
5249,1
5250,2
5251,2
5252,1
5253,0
5254,1
5255,2
5256,1
5257,0
5258,1
5259,2
5260,2
5261,1
5262,0
5263,0
5264,1
5265,0
5266,0
5267,1
5268,1
5269,1
5270,0
5271,1
5272,2
5273,0
5274,1
5275,1
5276,2
5277,2
5278,7
5279,1
5280,1
5281,1
5282,1
5283,0
5284,1
5285,2
5286,2
5287,1
5288,1
5289,1
5290,0
5291,1
5292,0
5293,0
5294,0
5295,8
5296,3
5297,0
5298,2
5299,2
5300,1
5301,3
5302,1
5303,0
5304,0
5305,1
5306,1
5307,5
5308,0
5309,1
5310,1
5311,1
5312,0
5313,0
5314,0
5315,0
5316,1
5317,2
5318,0
5319,0
5320,0
5321,1
5322,1
5323,0
5324,1
5325,0
5326,0
5327,0
5328,0
5329,1
5330,3
5331,0
5332,0
5333,1
5334,1
5335,1
5336,6
5337,1
5338,2
5339,2
5340,1
5341,1
5342,1
5343,2
5344,1
5345,2
5346,1
5347,2
5348,0
5349,0
5350,1
5351,1
5352,1
5353,14
5354,3
5355,0
5356,4
5357,5
5358,2
5359,1
5360,2
5361,1
5362,0
5363,1
5364,1
5365,2
5366,1
5367,1
5368,1
5369,1
5370,1
5371,1
5372,1
5373,0
5374,2
5375,3
5376,2
5377,1
5378,1
5379,1
5380,2
5381,0
5382,1
5383,1
5384,0
5385,0
5386,1
5387,1
5388,2
5389,0
5390,2
5391,1
5392,3
5393,1
5394,8
5395,3
5396,2
5397,1
5398,1
5399,1
5400,1
5401,2
5402,4
5403,1
5404,1
5405,2
5406,0
5407,1
5408,1
5409,1
5410,0
5411,10
5412,2
5413,0
5414,4
5415,7
5416,1
5417,1
5418,1
5419,0
5420,1
5421,1
5422,1
5423,2
5424,1
5425,0
5426,1
5427,0
5428,0
5429,2
5430,1
5431,0
5432,2
5433,2
5434,2
5435,1
5436,1
5437,1
5438,1
5439,0
5440,2
5441,1
5442,1
5443,0
5444,0
5445,1
5446,3
5447,0
5448,0
5449,0
5450,2
5451,1
5452,4
5453,2
5454,5
5455,1
5456,1
5457,0
5458,1
5459,9
5460,3
5461,3
5462,0
5463,2
5464,1
5465,5
5466,1
5467,1
5468,1
5469,17
5470,3
5471,0
5472,3
5473,4
5474,2
5475,2
5476,5
5477,1
5478,0
5479,1
5480,0
5481,3
5482,2
5483,0
5484,2
5485,0
5486,3
5487,3
5488,0
5489,1
5490,6
5491,2
5492,3
5493,3
5494,2
5495,2
5496,2
5497,1
5498,2
5499,1
5500,1
5501,0
5502,1
5503,1
5504,5
5505,0
5506,1
5507,1
5508,3
5509,0
5510,8
5511,1
5512,1
5513,1
5514,2
5515,1
5516,1
5517,3
5518,2
5519,2
5520,2
5521,2
5522,0
5523,1
5524,2
5525,1
5526,0
5527,18
5528,6
5529,0
5530,5
5531,2
5532,2
5533,2
5534,2
5535,1
5536,1
5537,1
5538,1
5539,1
5540,2
5541,1
5542,1
5543,0
5544,1
5545,0
5546,0
5547,1
5548,2
5549,1
5550,1
5551,2
5552,0
5553,0
5554,0
5555,0
5556,1
5557,1
5558,0
5559,0
5560,1
5561,0
5562,5
5563,4
5564,0
5565,0
5566,3
5567,0
5568,9
5569,2
5570,1
5571,1
5572,1
5573,0
5574,1
5575,3
5576,2
5577,3
5578,2
5579,0
5580,2
5581,0
5582,0
5583,1
5584,1
5585,10
5586,5
5587,0
5588,2
5589,1
5590,3
5591,2
5592,0
5593,1
5594,2
5595,0
5596,1
5597,1
5598,2
5599,1
5600,1
5601,0
5602,1
5603,3
5604,1
5605,2
5606,2
5607,2
5608,2
5609,1
5610,0
5611,1
5612,1
5613,0
5614,0
5615,0
5616,1
5617,1
5618,1
5619,2
5620,3
5621,1
5622,3
5623,1
5624,3
5625,1
5626,3
5627,1
5628,2
5629,0
5630,0
5631,0
5632,0
5633,1
5634,1
5635,1
5636,1
5637,1
5638,1
5639,0
5640,1
5641,0
5642,0
5643,4
5644,2
5645,0
5646,1
5647,1
5648,1
5649,2
5650,0
5651,0
5652,1
5653,0
5654,0
5655,3
5656,1
5657,1
5658,1
5659,0
5660,0
5661,1
5662,0
5663,0
5664,2
5665,2
5666,3
5667,1
5668,1
5669,1
5670,1
5671,0
5672,1
5673,0
5674,0
5675,0
5676,0
5677,1
5678,3
5679,0
5680,1
5681,0
5682,1
5683,0
5684,3
5685,3
5686,2
5687,0
5688,2
5689,2
5690,1
5691,5
5692,2
5693,2
5694,1
5695,1
5696,3
5697,0
5698,1
5699,0
5700,2
5701,18
5702,2
5703,0
5704,4
5705,1
5706,4
5707,1
5708,1
5709,1
5710,1
5711,0
5712,0
5713,2
5714,5
5715,0
5716,0
5717,0
5718,1
5719,1
5720,1
5721,0
5722,4
5723,2
5724,2
5725,1
5726,1
5727,0
5728,0
5729,0
5730,0
5731,0
5732,1
5733,1
5734,0
5735,0
5736,3
5737,2
5738,0
5739,1
5740,4
5741,0
5742,3
5743,2
5744,1
5745,0
5746,1
5747,1
5748,1
5749,4
5750,2
5751,2
5752,1
5753,1
5754,0
5755,0
5756,0
5757,0
5758,0
5759,11
5760,3
5761,0
5762,2
5763,3
5764,1
5765,1
5766,2
5767,1
5768,1
5769,1
5770,0
5771,1
5772,2
5773,1
5774,0
5775,0
5776,1
5777,1
5778,0
5779,1
5780,5
5781,1
5782,2
5783,1
5784,0
5785,0
5786,1
5787,2
5788,1
5789,0
5790,0
5791,0
5792,0
5793,0
5794,2
5795,2
5796,1
5797,0
5798,1
5799,1
5800,6
5801,2
5802,1
5803,0
5804,1
5805,0
5806,1
5807,2
5808,2
5809,0
5810,1
5811,1
5812,1
5813,0
5814,0
5815,0
5816,0
5817,3
5818,3
5819,0
5820,2
5821,1
5822,2
5823,2
5824,1
5825,1
5826,1
5827,0
5828,0
5829,1
5830,2
5831,1
5832,0
5833,0
5834,1
5835,2
5836,1
5837,0
5838,1
5839,2
5840,2
5841,1
5842,1
5843,0
5844,1
5845,0
5846,1
5847,1
5848,1
5849,1
5850,0
5851,1
5852,1
5853,0
5854,1
5855,1
5856,1
5857,2
5858,6
5859,2
5860,1
5861,1
5862,0
5863,0
5864,1
5865,2
5866,2
5867,1
5868,1
5869,2
5870,0
5871,1
5872,0
5873,0
5874,0
5875,8
5876,3
5877,0
5878,2
5879,2
5880,1
5881,2
5882,1
5883,0
5884,0
5885,1
5886,1
5887,4
5888,0
5889,1
5890,1
5891,1
5892,0
5893,0
5894,0
5895,0
5896,1
5897,2
5898,1
5899,0
5900,1
5901,1
5902,1
5903,0
5904,1
5905,0
5906,1
5907,0
5908,0
5909,1
5910,2
5911,0
5912,1
5913,1
5914,1
5915,1
5916,7
5917,1
5918,2
5919,2
5920,2
5921,1
5922,1
5923,2
5924,2
5925,2
5926,1
5927,1
5928,0
5929,1
5930,1
5931,1
5932,0
5933,16
5934,3
5935,0
5936,4
5937,5
5938,2
5939,1
5940,2
5941,1
5942,0
5943,1
5944,1
5945,1
5946,1
5947,1
5948,1
5949,1
5950,1
5951,1
5952,1
5953,0
5954,2
5955,3
5956,2
5957,1
5958,1
5959,1
5960,2
5961,0
5962,1
5963,1
5964,1
5965,0
5966,1
5967,1
5968,2
5969,0
5970,1
5971,1
5972,3
5973,1
5974,7
5975,4
5976,2
5977,1
5978,1
5979,1
5980,1
5981,2
5982,3
5983,2
5984,1
5985,1
5986,0
5987,2
5988,1
5989,1
5990,0
5991,12
5992,3
5993,0
5994,5
5995,9
5996,1
5997,1
5998,1
5999,1
6000,1
6001,1
6002,1
6003,2
6004,1
6005,1
6006,1
6007,0
6008,0
6009,2
6010,1
6011,0
6012,2
6013,2
6014,2
6015,1
6016,1
6017,0
6018,1
6019,0
6020,2
6021,1
6022,1
6023,0
6024,0
6025,1
6026,3
6027,0
6028,0
6029,0
6030,1
6031,1
6032,4
6033,7
6034,5
6035,2
6036,1
6037,0
6038,1
6039,9
6040,3
6041,2
6042,0
6043,2
6044,1
6045,4
6046,1
6047,1
6048,1
6049,18
6050,4
6051,0
6052,3
6053,5
6054,2
6055,2
6056,5
6057,1
6058,0
6059,1
6060,0
6061,3
6062,2
6063,0
6064,2
6065,0
6066,4
6067,4
6068,0
6069,1
6070,6
6071,1
6072,3
6073,3
6074,2
6075,2
6076,2
6077,1
6078,1
6079,1
6080,1
6081,0
6082,1
6083,1
6084,5
6085,0
6086,1
6087,1
6088,3
6089,0
6090,7
6091,2
6092,1
6093,2
6094,1
6095,1
6096,1
6097,3
6098,3
6099,2
6100,2
6101,2
6102,0
6103,1
6104,2
6105,1
6106,0
6107,19
6108,6
6109,0
6110,5
6111,2
6112,2
6113,2
6114,2
6115,1
6116,1
6117,1
6118,1
6119,2
6120,2
6121,1
6122,1
6123,0
6124,1
6125,1
6126,0
6127,1
6128,2
6129,1
6130,1
6131,2
6132,1
6133,0
6134,1
6135,0
6136,2
6137,1
6138,0
6139,0
6140,1
6141,0
6142,5
6143,4
6144,1
6145,0
6146,3
6147,0
6148,9
6149,3
6150,1
6151,1
6152,0
6153,0
6154,1
6155,2
6156,2
6157,3
6158,2
6159,1
6160,3
6161,0
6162,0
6163,1
6164,1
6165,11
6166,5
6167,0
6168,3
6169,2
6170,3
6171,1
6172,0
6173,1
6174,2
6175,1
6176,1
6177,1
6178,2
6179,2
6180,1
6181,1
6182,1
6183,3
6184,1
6185,2
6186,2
6187,2
6188,2
6189,1
6190,0
6191,1
6192,1
6193,0
6194,0
6195,0
6196,1
6197,1
6198,1
6199,2
6200,2
6201,1
6202,3
6203,1
6204,3
6205,1
6206,2
6207,1
6208,2
6209,0
6210,0
6211,0
6212,0
6213,1
6214,1
6215,1
6216,1
6217,0
6218,1
6219,0
6220,0
6221,0
6222,0
6223,3
6224,2
6225,0
6226,1
6227,2
6228,2
6229,1
6230,0
6231,0
6232,1
6233,0
6234,0
6235,7
6236,1
6237,1
6238,1
6239,0
6240,0
6241,1
6242,0
6243,0
6244,2
6245,2
6246,2
6247,1
6248,0
6249,1
6250,1
6251,0
6252,0
6253,0
6254,1
6255,0
6256,0
6257,1
6258,2
6259,0
6260,1
6261,1
6262,1
6263,0
6264,3
6265,3
6266,2
6267,0
6268,2
6269,2
6270,1
6271,5
6272,2
6273,2
6274,1
6275,1
6276,3
6277,0
6278,1
6279,0
6280,2
6281,18
6282,3
6283,0
6284,5
6285,1
6286,4
6287,1
6288,1
6289,1
6290,1
6291,0
6292,0
6293,2
6294,5
6295,0
6296,0
6297,0
6298,1
6299,1
6300,0
6301,0
6302,4
6303,2
6304,2
6305,1
6306,1
6307,0
6308,0
6309,0
6310,1
6311,0
6312,1
6313,1
6314,0
6315,0
6316,3
6317,2
6318,0
6319,0
6320,3
6321,0
6322,2
6323,1
6324,1
6325,0
6326,1
6327,1
6328,1
6329,4
6330,2
6331,2
6332,1
6333,2
6334,0
6335,0
6336,0
6337,0
6338,0
6339,13
6340,3
6341,0
6342,3
6343,3
6344,1
6345,1
6346,1
6347,1
6348,1
6349,1
6350,0
6351,2
6352,2
6353,1
6354,0
6355,0
6356,1
6357,1
6358,0
6359,1
6360,5
6361,1
6362,1
6363,1
6364,0
6365,0
6366,1
6367,2
6368,1
6369,0
6370,0
6371,0
6372,0
6373,0
6374,3
6375,3
6376,1
6377,0
6378,1
6379,1
6380,7
6381,2
6382,2
6383,0
6384,1
6385,0
6386,0
6387,2
6388,2
6389,0
6390,2
6391,1
6392,1
6393,1
6394,0
6395,0
6396,0
6397,3
6398,3
6399,0
6400,3
6401,1
6402,2
6403,2
6404,1
6405,1
6406,1
6407,0
6408,1
6409,1
6410,3
6411,1
6412,1
6413,1
6414,1
6415,2
6416,1
6417,0
6418,1
6419,3
6420,2
6421,1
6422,0
6423,0
6424,2
6425,0
6426,1
6427,1
6428,1
6429,1
6430,0
6431,1
6432,1
6433,0
6434,1
6435,0
6436,1
6437,1
6438,8
6439,2
6440,1
6441,1
6442,0
6443,0
6444,1
6445,2
6446,2
6447,1
6448,1
6449,1
6450,0
6451,1
6452,0
6453,0
6454,0
6455,9
6456,3
6457,0
6458,3
6459,2
6460,1
6461,3
6462,1
6463,1
6464,0
6465,1
6466,1
6467,4
6468,0
6469,1
6470,1
6471,1
6472,0
6473,0
6474,0
6475,0
6476,1
6477,2
6478,1
6479,0
6480,0
6481,1
6482,1
6483,0
6484,1
6485,0
6486,0
6487,0
6488,0
6489,1
6490,2
6491,0
6492,1
6493,1
6494,1
6495,1
6496,9
6497,1
6498,2
6499,2
6500,2
6501,1
6502,1
6503,2
6504,2
6505,2
6506,1
6507,2
6508,0
6509,0
6510,1
6511,1
6512,0
6513,16
6514,4
6515,0
6516,6
6517,6
6518,2
6519,1
6520,2
6521,2
6522,0
6523,1
6524,1
6525,2
6526,1
6527,1
6528,1
6529,1
6530,1
6531,1
6532,1
6533,0
6534,2
6535,3
6536,3
6537,1
6538,1
6539,1
6540,1
6541,0
6542,1
6543,1
6544,1
6545,0
6546,1
6547,1
6548,2
6549,0
6550,2
6551,1
6552,3
6553,1
6554,9
6555,4
6556,2
6557,2
6558,1
6559,1
6560,1
6561,2
6562,3
6563,1
6564,1
6565,2
6566,0
6567,2
6568,1
6569,1
6570,0
6571,12
6572,2
6573,0
6574,5
6575,9
6576,2
6577,1
6578,2
6579,1
6580,1
6581,1
6582,1
6583,2
6584,1
6585,0
6586,1
6587,1
6588,0
6589,3
6590,1
6591,0
6592,3
6593,2
6594,2
6595,1
6596,1
6597,1
6598,2
6599,0
6600,2
6601,1
6602,1
6603,0
6604,0
6605,1
6606,3
6607,0
6608,0
6609,0
6610,2
6611,1
6612,4
6613,6
6614,5
6615,2
6616,1
6617,1
6618,1
6619,9
6620,3
6621,3
6622,0
6623,2
6624,1
6625,3
6626,1
6627,1
6628,1
6629,20
6630,4
6631,0
6632,4
6633,4
6634,2
6635,3
6636,5
6637,1
6638,0
6639,2
6640,0
6641,2
6642,3
6643,0
6644,2
6645,0
6646,4
6647,2
6648,0
6649,1
6650,6
6651,2
6652,3
6653,3
6654,2
6655,2
6656,3
6657,1
6658,1
6659,1
6660,1
6661,0
6662,1
6663,1
6664,5
6665,0
6666,1
6667,1
6668,3
6669,0
6670,12
6671,2
6672,1
6673,1
6674,2
6675,1
6676,1
6677,3
6678,3
6679,2
6680,3
6681,2
6682,0
6683,1
6684,2
6685,1
6686,0
6687,23
6688,7
6689,0
6690,6
6691,3
6692,2
6693,2
6694,3
6695,1
6696,1
6697,1
6698,1
6699,3
6700,2
6701,1
6702,1
6703,0
6704,1
6705,1
6706,0
6707,1
6708,2
6709,1
6710,2
6711,2
6712,1
6713,0
6714,1
6715,0
6716,2
6717,1
6718,0
6719,1
6720,1
6721,0
6722,5
6723,3
6724,0
6725,1
6726,4
6727,0
6728,10
6729,3
6730,1
6731,1
6732,0
6733,0
6734,1
6735,2
6736,2
6737,3
6738,2
6739,0
6740,2
6741,0
6742,0
6743,1
6744,1
6745,13
6746,5
6747,0
6748,2
6749,2
6750,3
6751,1
6752,0
6753,0
6754,2
6755,0
6756,1
6757,1
6758,2
6759,1
6760,1
6761,0
6762,1
6763,2
6764,1
6765,2
6766,2
6767,2
6768,3
6769,1
6770,0
6771,1
6772,2
6773,0
6774,0
6775,0
6776,1
6777,1
6778,1
6779,2
6780,3
6781,1
6782,2
6783,1
6784,3
6785,1
6786,3
6787,2
6788,2
6789,0
6790,0
6791,0
6792,0
6793,1
6794,1
6795,1
6796,1
6797,1
6798,1
6799,0
6800,0
6801,0
6802,0
6803,4
6804,2
6805,0
6806,1
6807,1
6808,2
6809,1
6810,0
6811,0
6812,1
6813,0
6814,0
6815,4
6816,1
6817,1
6818,1
6819,0
6820,0
6821,1
6822,0
6823,0
6824,2
6825,2
6826,3
6827,1
6828,1
6829,0
6830,1
6831,0
6832,1
6833,1
6834,1
6835,1
6836,0
6837,1
6838,3
6839,0
6840,1
6841,0
6842,1
6843,0
6844,3
6845,4
6846,2
6847,0
6848,2
6849,2
6850,1
6851,5
6852,2
6853,2
6854,1
6855,1
6856,3
6857,0
6858,1
6859,0
6860,2
6861,19
6862,3
6863,0
6864,5
6865,2
6866,5
6867,1
6868,1
6869,1
6870,1
6871,0
6872,0
6873,2
6874,5
6875,0
6876,0
6877,0
6878,2
6879,1
6880,0
6881,0
6882,4
6883,3
6884,2
6885,2
6886,1
6887,0
6888,1
6889,0
6890,0
6891,0
6892,1
6893,1
6894,0
6895,0
6896,2
6897,3
6898,0
6899,0
6900,4
6901,0
6902,3
6903,2
6904,1
6905,0
6906,1
6907,1
6908,1
6909,5
6910,2
6911,2
6912,1
6913,2
6914,0
6915,0
6916,0
6917,0
6918,0
6919,15
6920,3
6921,0
6922,4
6923,3
6924,2
6925,1
6926,2
6927,1
6928,1
6929,0
6930,0
6931,2
6932,2
6933,1
6934,0
6935,0
6936,1
6937,1
6938,0
6939,1
6940,6
6941,2
6942,2
6943,1
6944,0
6945,0
6946,1
6947,2
6948,1
6949,0
6950,0
6951,0
6952,0
6953,0
6954,2
6955,2
6956,1
6957,0
6958,1
6959,1
6960,8
6961,2
6962,1
6963,0
6964,1
6965,0
6966,0
6967,2
6968,2
6969,0
6970,1
6971,1
6972,1
6973,1
6974,0
6975,0
6976,1
6977,3
6978,3
6979,0
6980,4
6981,1
6982,2
6983,2
6984,1
6985,1
6986,1
6987,0
6988,0
6989,1
6990,2
6991,1
6992,1
6993,1
6994,1
6995,2
6996,1
6997,0
6998,2
6999,3
7000,2
7001,1
7002,0
7003,1
7004,1
7005,0
7006,1
7007,1
7008,1
7009,1
7010,0
7011,1
7012,1
7013,0
7014,1
7015,1
7016,2
7017,2
7018,7
7019,2
7020,1
7021,1
7022,0
7023,1
7024,1
7025,2
7026,2
7027,1
7028,1
7029,2
7030,0
7031,1
7032,0
7033,1
7034,0
7035,10
7036,4
7037,0
7038,4
7039,2
7040,1
7041,3
7042,1
7043,1
7044,0
7045,1
7046,1
7047,4
7048,0
7049,1
7050,1
7051,1
7052,0
7053,0
7054,0
7055,0
7056,1
7057,2
7058,1
7059,0
7060,1
7061,1
7062,1
7063,0
7064,1
7065,0
7066,1
7067,0
7068,0
7069,1
7070,3
7071,0
7072,1
7073,1
7074,1
7075,0
7076,10
7077,1
7078,2
7079,3
7080,2
7081,1
7082,1
7083,3
7084,2
7085,2
7086,1
7087,2
7088,0
7089,0
7090,1
7091,1
7092,0
7093,17
7094,5
7095,0
7096,6
7097,6
7098,2
7099,1
7100,3
7101,2
7102,1
7103,2
7104,1
7105,3
7106,1
7107,1
7108,1
7109,1
7110,1
7111,1
7112,1
7113,0
7114,3
7115,4
7116,3
7117,1
7118,1
7119,1
7120,2
7121,0
7122,1
7123,1
7124,1
7125,0
7126,1
7127,1
7128,2
7129,0
7130,2
7131,1
7132,3
7133,1
7134,9
7135,5
7136,3
7137,2
7138,1
7139,1
7140,1
7141,2
7142,4
7143,2
7144,1
7145,2
7146,0
7147,1
7148,1
7149,1
7150,0
7151,13
7152,3
7153,0
7154,6
7155,8
7156,2
7157,1
7158,2
7159,1
7160,1
7161,1
7162,2
7163,3
7164,1
7165,1
7166,1
7167,1
7168,0
7169,3
7170,1
7171,0
7172,3
7173,3
7174,3
7175,2
7176,1
7177,1
7178,2
7179,0
7180,2
7181,2
7182,1
7183,0
7184,0
7185,1
7186,2
7187,0
7188,0
7189,1
7190,2
7191,2
7192,5
7193,6
7194,6
7195,2
7196,1
7197,1
7198,1
7199,10
7200,4
7201,3
7202,1
7203,3
7204,1
7205,4
7206,1
7207,2
7208,1
7209,21
7210,4
7211,0
7212,5
7213,6
7214,2
7215,3
7216,5
7217,1
7218,0
7219,1
7220,0
7221,3
7222,2
7223,0
7224,2
7225,1
7226,4
7227,3
7228,0
7229,1
7230,7
7231,2
7232,3
7233,3
7234,3
7235,2
7236,3
7237,1
7238,1
7239,1
7240,1
7241,1
7242,1
7243,1
7244,5
7245,0
7246,1
7247,1
7248,4
7249,0
7250,14
7251,3
7252,2
7253,2
7254,3
7255,1
7256,1
7257,4
7258,3
7259,2
7260,3
7261,3
7262,0
7263,1
7264,2
7265,1
7266,0
7267,25
7268,7
7269,0
7270,8
7271,3
7272,3
7273,2
7274,2
7275,1
7276,1
7277,2
7278,1
7279,3
7280,3
7281,1
7282,1
7283,0
7284,1
7285,1
7286,0
7287,1
7288,2
7289,1
7290,1
7291,3
7292,1
7293,0
7294,1
7295,0
7296,2
7297,1
7298,0
7299,1
7300,1
7301,0
7302,5
7303,5
7304,0
7305,0
7306,4
7307,0
7308,11
7309,4
7310,1
7311,1
7312,0
7313,0
7314,1
7315,3
7316,2
7317,3
7318,2
7319,0
7320,3
7321,0
7322,1
7323,1
7324,1
7325,12
7326,5
7327,0
7328,3
7329,1
7330,3
7331,2
7332,0
7333,0
7334,2
7335,1
7336,1
7337,1
7338,2
7339,1
7340,1
7341,1
7342,1
7343,3
7344,1
7345,2
7346,2
7347,3
7348,3
7349,1
7350,0
7351,1
7352,2
7353,0
7354,1
7355,0
7356,1
7357,1
7358,1
7359,2
7360,3
7361,1
7362,2
7363,1
7364,3
7365,2
7366,3
7367,2
7368,3
7369,0
7370,0
7371,0
7372,1
7373,1
7374,1
7375,1
7376,1
7377,1
7378,1
7379,0
7380,0
7381,0
7382,1
7383,4
7384,2
7385,0
7386,2
7387,1
7388,2
7389,1
7390,0
7391,0
7392,1
7393,0
7394,0
7395,4
7396,1
7397,1
7398,0
7399,0
7400,0
7401,1
7402,0
7403,0
7404,3
7405,2
7406,3
7407,1
7408,1
7409,1
7410,1
7411,0
7412,1
7413,1
7414,1
7415,0
7416,0
7417,1
7418,2
7419,0
7420,1
7421,0
7422,1
7423,0
7424,4
7425,4
7426,2
7427,0
7428,2
7429,2
7430,1
7431,5
7432,3
7433,2
7434,1
7435,1
7436,3
7437,0
7438,1
7439,0
7440,2
7441,20
7442,2
7443,0
7444,5
7445,1
7446,5
7447,1
7448,1
7449,1
7450,1
7451,0
7452,0
7453,2
7454,4
7455,0
7456,0
7457,0
7458,1
7459,1
7460,0
7461,0
7462,4
7463,2
7464,2
7465,2
7466,1
7467,1
7468,1
7469,0
7470,0
7471,0
7472,1
7473,1
7474,0
7475,0
7476,3
7477,3
7478,0
7479,0
7480,4
7481,0
7482,4
7483,2
7484,1
7485,0
7486,1
7487,1
7488,1
7489,5
7490,2
7491,2
7492,1
7493,2
7494,0
7495,0
7496,1
7497,0
7498,0
7499,15
7500,4
7501,0
7502,4
7503,4
7504,2
7505,2
7506,2
7507,1
7508,1
7509,1
7510,0
7511,3
7512,2
7513,1
7514,0
7515,0
7516,1
7517,1
7518,0
7519,1
7520,5
7521,2
7522,2
7523,1
7524,0
7525,0
7526,1
7527,2
7528,0
7529,0
7530,1
7531,0
7532,0
7533,0
7534,3
7535,3
7536,1
7537,0
7538,1
7539,1
7540,7
7541,2
7542,1
7543,0
7544,1
7545,0
7546,0
7547,3
7548,2
7549,0
7550,2
7551,1
7552,2
7553,1
7554,0
7555,0
7556,0
7557,3
7558,3
7559,0
7560,3
7561,1
7562,2
7563,2
7564,1
7565,1
7566,1
7567,0
7568,1
7569,1
7570,2
7571,1
7572,1
7573,0
7574,1
7575,2
7576,1
7577,0
7578,2
7579,3
7580,2
7581,1
7582,0
7583,1
7584,1
7585,0
7586,1
7587,1
7588,1
7589,1
7590,0
7591,1
7592,2
7593,0
7594,1
7595,1
7596,2
7597,2
7598,7
7599,2
7600,1
7601,0
7602,0
7603,1
7604,1
7605,3
7606,2
7607,1
7608,1
7609,2
7610,0
7611,1
7612,0
7613,0
7614,0
7615,8
7616,4
7617,0
7618,3
7619,3
7620,1
7621,3
7622,1
7623,0
7624,0
7625,1
7626,1
7627,4
7628,0
7629,2
7630,1
7631,1
7632,0
7633,0
7634,0
7635,1
7636,1
7637,2
7638,1
7639,0
7640,1
7641,1
7642,1
7643,0
7644,1
7645,0
7646,0
7647,0
7648,0
7649,1
7650,3
7651,0
7652,0
7653,1
7654,1
7655,0
7656,8
7657,1
7658,2
7659,3
7660,1
7661,1
7662,1
7663,2
7664,2
7665,2
7666,1
7667,2
7668,1
7669,1
7670,1
7671,1
7672,0
7673,18
7674,4
7675,0
7676,5
7677,8
7678,2
7679,1
7680,3
7681,2
7682,1
7683,2
7684,1
7685,1
7686,1
7687,1
7688,1
7689,1
7690,1
7691,2
7692,1
7693,0
7694,3
7695,3
7696,3
7697,1
7698,1
7699,1
7700,2
7701,0
7702,1
7703,1
7704,1
7705,0
7706,1
7707,1
7708,3
7709,0
7710,1
7711,1
7712,3
7713,1
7714,8
7715,4
7716,2
7717,1
7718,1
7719,1
7720,1
7721,2
7722,4
7723,2
7724,1
7725,3
7726,1
7727,1
7728,1
7729,1
7730,0
7731,12
7732,3
7733,0
7734,6
7735,9
7736,2
7737,1
7738,2
7739,1
7740,1
7741,1
7742,1
7743,3
7744,1
7745,1
7746,1
7747,0
7748,0
7749,2
7750,1
7751,0
7752,3
7753,2
7754,3
7755,1
7756,1
7757,1
7758,1
7759,0
7760,2
7761,1
7762,1
7763,0
7764,0
7765,1
7766,3
7767,0
7768,1
7769,0
7770,2
7771,1
7772,4
7773,4
7774,5
7775,2
7776,1
7777,0
7778,1
7779,12
7780,4
7781,3
7782,0
7783,3
7784,1
7785,4
7786,1
7787,2
7788,1
7789,20
7790,4
7791,0
7792,5
7793,5
7794,2
7795,2
7796,4
7797,2
7798,0
7799,2
7800,0
7801,3
7802,2
7803,0
7804,2
7805,0
7806,3
7807,3
7808,0
7809,1
7810,7
7811,2
7812,3
7813,3
7814,2
7815,2
7816,3
7817,1
7818,1
7819,1
7820,1
7821,0
7822,1
7823,1
7824,5
7825,0
7826,1
7827,1
7828,4
7829,0
7830,10
7831,2
7832,1
7833,1
7834,2
7835,1
7836,1
7837,4
7838,3
7839,2
7840,3
7841,3
7842,1
7843,1
7844,2
7845,1
7846,0
7847,20
7848,7
7849,0
7850,6
7851,2
7852,2
7853,2
7854,2
7855,1
7856,1
7857,2
7858,1
7859,2
7860,3
7861,1
7862,1
7863,0
7864,1
7865,0
7866,0
7867,1
7868,2
7869,1
7870,2
7871,2
7872,1
7873,0
7874,1
7875,0
7876,2
7877,1
7878,0
7879,0
7880,1
7881,0
7882,5
7883,4
7884,0
7885,1
7886,4
7887,0
7888,11
7889,3
7890,1
7891,1
7892,0
7893,0
7894,1
7895,3
7896,2
7897,3
7898,2
7899,1
7900,3
7901,0
7902,1
7903,1
7904,1
7905,11
7906,5
7907,0
7908,2
7909,1
7910,3
7911,3
7912,0
7913,0
7914,2
7915,1
7916,1
7917,1
7918,3
7919,1
7920,1
7921,1
7922,1
7923,2
7924,1
7925,2
7926,2
7927,2
7928,3
7929,1
7930,0
7931,1
7932,2
7933,0
7934,1
7935,0
7936,1
7937,1
7938,1
7939,2
7940,2
7941,1
7942,2
7943,1
7944,3
7945,2
7946,3
7947,1
7948,2
7949,0
7950,1
7951,0
7952,0
7953,1
7954,2
7955,1
7956,1
7957,1
7958,1
7959,1
7960,1
7961,0
7962,0
7963,4
7964,2
7965,0
7966,1
7967,2
7968,2
7969,1
7970,0
7971,0
7972,1
7973,0
7974,1
7975,4
7976,1
7977,1
7978,1
7979,0
7980,0
7981,1
7982,0
7983,0
7984,2
7985,2
7986,3
7987,1
7988,0
7989,1
7990,1
7991,0
7992,1
7993,0
7994,0
7995,1
7996,0
7997,1
7998,3
7999,0
8000,1
8001,0
8002,1
8003,1
8004,3
8005,4
8006,2
8007,0
8008,2
8009,2
8010,1
8011,6
8012,2
8013,2
8014,1
8015,1
8016,2
8017,0
8018,1
8019,0
8020,2
8021,18
8022,3
8023,0
8024,4
8025,1
8026,5
8027,1
8028,1
8029,1
8030,1
8031,0
8032,0
8033,1
8034,5
8035,0
8036,0
8037,0
8038,1
8039,1
8040,0
8041,0
8042,4
8043,2
8044,2
8045,2
8046,1
8047,0
8048,1
8049,0
8050,0
8051,1
8052,0
8053,2
8054,0
8055,0
8056,3
8057,2
8058,0
8059,0
8060,4
8061,0
8062,3
8063,2
8064,1
8065,1
8066,1
8067,1
8068,1
8069,6
8070,2
8071,2
8072,1
8073,2
8074,0
8075,0
8076,1
8077,0
8078,1
8079,12
8080,5
8081,0
8082,3
8083,3
8084,2
8085,2
8086,2
8087,1
8088,1
8089,1
8090,0
8091,2
8092,2
8093,1
8094,0
8095,0
8096,1
8097,1
8098,0
8099,1
8100,5
8101,2
8102,2
8103,1
8104,0
8105,0
8106,1
8107,3
8108,0
8109,0
8110,0
8111,0
8112,0
8113,0
8114,2
8115,3
8116,1
8117,0
8118,1
8119,1
